Gradient,Site,Name,Number_name,MAP,MAT,AI,Soil Temp,Water activity,Water content,SOM,pH,TOC,TC,TN,C/N,SOM2,TOC2,TC2,TN2,NH4,PO43,SO42,Sand_perc,Silt_perc,Clay_perc,Sand,Silt,Clay,Litter,L_TC,L_TN,L_TC2,L_TN2,CO2_dark,CO2_light,CH4_ave,N2O,BB_2,BB,FB,chla,chlb,carotene,EPS,alpha,beta,xyl,cbh,gla,fos,leu,phe,16S,ITS2,mcrA,pmoA,nifH,AOA,AOB,qnorB,nosZ,phoD,Respiration,BB_BF,16S_ITS2,BB_16S,FB_ITS2,chla_chlb,carotene_chla,EPS_chla,EPS_BB,EPS_16S
SP,SP01,T-SP1-a,1-SP01-A,1312.6171,12.1382,1.2484,16.4,0.99,32.61,10.61,4.36,3.761,3.761,0.277,13.5776,0.1061,0.0376,0.0376,0.0028,10.79,11.35,45.62,46.95,37.3,15.75,0.4695,0.373,0.1575,852.82,1.36,49.06,0.0136,0.4906,108.9667,102.72,-16.74,-2.3,1.20E+08,2.64E-03,0.3121,0.3304,0.2465,0.1383,201.0945,0.00200,0.01570,0.00480,0.00000,0.02460,0.59370,0.03190,0.00000,3.86E+10,6.46E+08,2.18E+06,2.14E+09,6.86E+07,2.14E+08,4.16E+07,9.43E+08,1.02E+08,1.81E+09,0.02971528,0.008451693,59.75232198,6.83E-14,4.83E-10,1.340117405,0.418591829,608.7141837,76.22882103,5.21E-09
SP,SP01,T-SP1-b,2-SP01-B,1312.6171,12.1382,1.2484,13.25,0.99,31.65,9.79,4.14,3.481,3.481,0.274,12.7044,0.0979,0.0348,0.0348,0.0027,31.01,17.47,47.18,46.95,37.3,15.75,0.4695,0.373,0.1575,323.2,1.19,48.85,0.0119,0.4885,237.9589,183.77,-60.72,2.76,1.24E+08,2.72E-03,0.0699,0.3164,0.1742,0.0965,185.584,0.00130,0.01100,0.00820,0.00000,0.01170,0.10780,0.02520,0.38460,3.87E+10,5.58E+08,3.36E+06,1.71E+09,6.72E+07,2.71E+08,1.07E+07,1.04E+09,9.96E+07,1.53E+09,0.026219457,0.038864092,69.35483871,7.02E-14,1.25E-10,1.816894797,0.304827516,586.5112623,68.29922657,4.80E-09
SP,SP01,T-SP1-c,3-SP01-C,1312.6171,12.1382,1.2484,16.3,0.99,32.13,11.49,4.34,4.723,4.723,0.353,13.3796,0.1149,0.0472,0.0472,0.0035,6.59,16.14,38.72,46.95,37.3,15.75,0.4695,0.373,0.1575,576.95,1.37,48.49,0.0137,0.4849,177.5767,157.86,-45.84,-8.89,1.01E+08,2.22E-03,0.1121,0.2268,0.1344,0.0844,245.798,0.00160,0.01130,0.00860,0.00090,0.01530,0.46650,0.04040,0.02700,5.32E+10,4.71E+08,2.24E+06,2.36E+09,9.20E+07,2.35E+08,8.76E+06,1.48E+09,1.31E+08,2.62E+09,0.033052172,0.01983543,112.9511677,4.18E-14,2.38E-10,1.688271755,0.371873642,1083.537537,110.5120357,4.62E-09
SP,SP01,T-SP1-d,4-SP01-D,1312.6171,12.1382,1.2484,16.1,0.991,28.22,6.73,4.53,2.471,2.471,0.223,11.0807,0.0673,0.0247,0.0247,0.0022,5.46,6.61,31.09,46.95,37.3,15.75,0.4695,0.373,0.1575,956.15,1.47,48.77,0.0147,0.4877,156.9842,133.14,-53.04,2.26,7.97E+07,1.75E-03,,0.1129,0.0612,0.0364,164.1686,0.00000,0.00150,0.00080,0.00000,0.00340,0.0799,0.01170,0.00000,2.82E+10,2.57E+08,2.13E+06,6.20E+08,7.38E+07,2.13E+08,2.82E+06,9.08E+08,9.78E+07,1.22E+09,0.023428327,,109.7276265,6.22E-14,,1.84410292,0.322059596,1453.476706,93.64815376,5.82E-09
SP,SP01,T-SP1-e,5-SP01-E,1312.6171,12.1382,1.2484,16.1,0.991,31.56,9.19,4.21,3.808,3.808,0.311,12.2444,0.0919,0.0381,0.0381,0.0031,6.19,12.93,51.44,46.95,37.3,15.75,0.4695,0.373,0.1575,567.93,1.26,45.01,0.0126,0.4501,75.4467,107.09,-29.556,1.16,1.33E+08,2.93E-03,0.0856,0.1977,0.1096,0.0657,249.0697,0.00090,0.00560,0.00280,0.00000,0.01300,0.12340,0.03540,0.67400,4.15E+10,4.55E+08,3.34E+06,7.87E+08,8.70E+07,2.36E+08,3.86E+06,1.37E+09,1.49E+08,2.54E+09,,0.034228107,91.20879121,7.06E-14,1.88E-10,1.804168476,0.33218939,1259.597623,85.04406887,6.00E-09
SP,SP02,T-SP2-a,26-SP02-A,1253.26,10.9707,1.0879,13.875,0.994,10.43,7.94,4.16,2.733,2.733,0.249,10.9759,0.0794,0.0273,0.0273,0.0025,66.84,84.42,26.84,61.7,32.3,6,0.617,0.323,0.06,402.92,1.03,48.16,0.0103,0.4816,164.968,175.89,-103.56,-15.61,2.48E+08,5.45E-03,0.3111,0.397,0.1854,0.109,197.8719,0.00280,0.02700,0.01000,0.00200,0.00750,0.03170,0.01120,0.06640,1.41E+10,5.73E+08,7.55E+05,5.78E+08,2.52E+07,2.27E+08,8.70E+06,4.90E+08,3.26E+07,3.31E+08,0.022861214,0.017510562,24.60732984,3.86E-13,5.43E-10,2.141723983,0.274671637,498.3983265,36.32139953,1.40E-08
SP,SP02,T-SP2-b,27-SP02-B,1253.26,10.9707,1.0879,13.625,0.991,16.03,8.11,4.54,4.029,4.029,0.35,11.5114,0.0811,0.0403,0.0403,0.0035,7.07,158.78,21.65,61.7,32.3,6,0.617,0.323,0.06,631.22,1.18,47.41,0.0118,0.4741,268.6905,248.68,-111.96,5.74,2.33E+08,5.12E-03,0.4517,0.5442,0.2785,0.1554,219.5214,0.00340,0.02060,0.00630,0.00040,0.00520,0.02720,0.01690,0.64910,2.38E+10,7.54E+08,1.21E+06,1.54E+09,5.01E+07,3.32E+08,3.65E+07,9.38E+08,6.32E+07,7.78E+08,0.024744009,0.01134162,31.56498674,2.15E-13,5.99E-10,1.953954414,0.285568609,403.3901439,42.84644939,9.22E-09
SP,SP02,T-SP2-c,28-SP02-C,1253.26,10.9707,1.0879,13.525,0.991,14.72,7.82,4.45,3.254,3.254,0.265,12.2792,0.0782,0.0325,0.0325,0.0027,9.2,112.02,23.37,61.7,32.3,6,0.617,0.323,0.06,696.82,1.11,51.29,0.0111,0.5129,131.599,145.58,-99.96,-0.57,1.57E+08,3.46E-03,0.6522,0.6091,0.2997,0.1663,89.8003,0.00260,0.01800,0.00270,0.00020,0.00250,0.01560,0.01180,1.72810,2.30E+10,1.09E+09,1.34E+06,1.06E+09,5.12E+07,2.54E+08,5.72E+06,9.81E+08,5.13E+07,8.22E+08,0.034711478,0.005305989,21.10091743,1.50E-13,5.98E-10,2.032202187,0.273072926,147.4260943,25.94995722,3.90E-09
SP,SP02,T-SP2-d,29-SP02-D,1253.26,10.9707,1.0879,13.7,0.99,20.13,10.09,5.06,5.206,5.206,0.361,14.4211,0.1009,0.0521,0.0521,0.0036,79.37,143.31,22.44,61.7,32.3,6,0.617,0.323,0.06,250.35,1.05,47.35,0.0105,0.4735,176.8638,158.88,-102.12,5.29,2.77E+08,6.10E-03,1.0405,0.6008,0.276,0.171,101.5262,0.01060,0.06600,0.00870,0.00160,0.00620,0.01960,0.02180,2.10630,3.05E+10,1.12E+09,1.26E+06,1.63E+09,5.33E+07,1.66E+08,2.94E+07,9.93E+08,5.49E+07,1.05E+09,0.034741048,0.00586108,27.23214286,2.00E-13,9.29E-10,2.176893363,0.284655477,168.9816297,16.64789428,3.33E-09
SP,SP02,T-SP2-e,30-SP02-E,1253.26,10.9707,1.0879,13.7,0.989,9.03,6.11,4.05,2.742,2.742,0.233,11.7682,0.0611,0.0274,0.0274,0.0023,7.33,101.21,21.59,61.7,32.3,6,0.617,0.323,0.06,194.7,0.89,48.85,0.0089,0.4885,196.9202,154.03,-104.04,-4.09,1.34E+08,2.96E-03,0.4734,0.518,0.2382,0.1469,151.1311,0.00170,0.01050,0.00340,0.00000,0.00370,0.03160,0.00620,1.65860,1.96E+10,1.06E+09,5.40E+06,9.21E+08,3.36E+07,1.46E+07,2.29E+06,4.56E+08,4.77E+07,6.80E+08,,0.006246773,18.49056604,1.51E-13,4.47E-10,2.174625158,0.283551678,291.7514034,51.10489508,7.71E-09
SP,SP03,T-SP3-a,51-SP03-A,719.53,13.8481,0.5644,24.8,0.773,1.49,3.37,4.97,1.608,1.608,0.071,22.6479,0.0337,0.0161,0.0161,0.0007,13.75,4.32,16.61,72.8,21.35,5.85,0.728,0.2135,0.0585,968.53,0.48,48.86,0.0048,0.4886,74.5585,71.24,-21.588,13.9,4.70E+07,1.03E-03,0.1725,0.2279,0.1538,0.1837,117.3508,0.00410,0.03220,0.00460,,0.00800,0.30020,0.01710,1.35220,8.18E+09,7.18E+08,3.69E+05,2.77E+08,2.16E+07,3.69E+04,6.96E+05,1.14E+08,1.74E+07,9.18E+08,0.047524811,0.005990994,11.39275766,1.26E-13,2.40E-10,1.481945078,0.806094864,515.0214107,113.5792494,1.43E-08
SP,SP03,T-SP3-b,52-SP03-B,719.53,13.8481,0.5644,26.075,0.85,2.66,5.78,4.43,2.747,2.747,0.1,27.47,0.0578,0.0275,0.0275,0.001,7.49,3.96,20.76,72.8,21.35,5.85,0.728,0.2135,0.0585,665.09,0.63,48.32,0.0063,0.4832,107.5337,110.5,-25.08,-3.45,8.16E+06,1.80E-04,,0.4443,0.4329,0.498,102.0035,0.01070,0.08430,0.01120,0.0107,0.01720,0.08590,0.01530,1.28930,1.06E+10,8.39E+08,5.76E+05,3.42E+08,3.06E+07,5.37E+04,3.35E+05,9.41E+07,1.96E+07,8.05E+08,0.044243415,,12.6340882,1.69E-14,,1.02626742,1.120766627,229.5751632,567.9911921,9.62E-09
SP,SP03,T-SP3-c,53-SP03-C,719.53,13.8481,0.5644,24.75,0.872,2.66,5.75,4.4,3.17,3.17,0.11,28.8182,0.0575,0.0317,0.0317,0.0011,30.57,10.79,20.7,72.8,21.35,5.85,0.728,0.2135,0.0585,733.57,0.66,50.12,0.0066,0.5012,66.8089,53.92,-18.756,-6.36,6.62E+07,1.46E-03,0.2424,0.5907,0.6127,0.646,107.3709,0.01060,0.09390,0.00730,0.00930,0.04230,0.47890,0.01450,0.19450,6.90E+09,1.02E+09,3.91E+05,2.25E+08,1.60E+07,5.20E+04,2.52E+05,4.69E+07,9.52E+06,4.06E+08,0.050815535,0.006012059,6.764705882,2.11E-13,2.38E-10,0.963992463,1.093741096,181.7796191,73.68942724,1.56E-08
SP,SP03,T-SP3-d,54-SP03-D,719.53,13.8481,0.5644,27.6,0.849,2.25,4,4.98,2.182,2.182,0.091,23.978,0.04,0.0218,0.0218,0.0009,94.7,3.86,24.12,72.8,21.35,5.85,0.728,0.2135,0.0585,856.92,0.66,37.76,0.0066,0.3776,55.8199,67.13,-10.86,6.34,9.45E+06,2.08E-04,0.2099,0.2096,0.1867,0.1707,129.6658,0.00670,0.07050,0.00480,0.00460,0.01880,0.40030,0.01430,1.70810,9.23E+09,3.78E+08,3.39E+05,3.06E+08,1.80E+07,9.51E+04,1.97E+06,1.37E+08,1.35E+07,7.48E+08,0.050895768,0.000990761,24.41798942,2.25E-14,5.55E-10,1.122820482,0.814358339,618.6375976,623.4538697,1.40E-08
SP,SP03,T-SP3-e,55-SP03-E,719.53,13.8481,0.5644,26.475,0.817,1.84,3.04,4.87,1.41,1.41,0.058,24.3103,0.0304,0.0141,0.0141,0.0006,5.09,3.04,20.37,72.8,21.35,5.85,0.728,0.2135,0.0585,976.86,0.82,47.82,0.0082,0.4782,67.9343,80.88,-12.12,6.12,3.44E+07,7.57E-04,0.2372,0.3127,0.3746,0.2858,114.6027,0.01110,0.08260,0.00350,0.00660,0.03670,0.42780,0.01400,2.30260,4.22E+09,3.45E+08,2.98E+05,1.66E+08,1.19E+07,2.87E+04,2.04E+05,5.67E+07,5.90E+06,4.21E+08,0.050340494,0.003191526,12.23188406,1.79E-13,6.88E-10,0.834750887,0.913876875,366.484946,151.3826744,2.72E-08
SP,SP04,T-SP4-a,76-SP04-A,401.6923,13.4795,0.2461,23.175,0.897,7.37,7.37,7.74,3.137,8.37,0.208,40.2404,0.0737,0.0314,0.0837,0.0021,4.15,20.08,19.86,57.7,27.55,14.75,0.577,0.2755,0.1475,522.66,0.45,41.72,0.0045,0.4172,128.6506,135.47,-103.08,-6.84,4.57E+07,1.01E-03,0.8937,0.4067,0.6578,0.4206,98.9527,0.00470,0.01550,0.01380,0.00710,0.00500,0.26700,0.08170,4.79540,1.27E+10,3.95E+08,3.57E+05,7.02E+08,1.05E+07,7.56E+07,4.65E+05,1.85E+08,8.45E+06,1.44E+09,0.007179687,0.001125074,32.15189873,7.92E-14,2.26E-09,0.618316876,1.034243369,243.3020841,98.41502076,7.79E-09
SP,SP04,T-SP4-b,77-SP04-B,401.6923,13.4795,0.2461,24.625,0.887,9.37,13.32,7.4,5.423,10.997,0.341,32.2493,0.1332,0.0542,0.11,0.0034,5.34,34.96,25.34,57.7,27.55,14.75,0.577,0.2755,0.1475,2102.36,0.61,48.38,0.0061,0.4838,80.9187,103.4,-107.04,-4.46,1.12E+08,2.47E-03,1.7986,0.78,1.2149,0.8821,124.9373,0.00940,0.01520,0.02020,0.00160,0.01070,0.39270,0.09830,3.08980,2.54E+10,7.50E+08,8.45E+05,1.32E+09,2.39E+07,1.39E+08,3.71E+06,3.53E+08,1.68E+07,2.19E+09,0.007451577,0.001372762,33.86666667,9.72E-14,2.40E-09,0.642035375,1.130955377,160.1758849,50.60128835,4.92E-09
SP,SP04,T-SP4-c,78-SP04-C,401.6923,13.4795,0.2461,24.15,0.919,8.41,6.59,7.56,2.75,7.525,0.202,37.2525,0.0659,0.0275,0.0753,0.002,5.33,23.37,19.32,57.7,27.55,14.75,0.577,0.2755,0.1475,582.48,0.64,44.66,0.0064,0.4466,88.3767,97.19,-106.68,-0.03,3.54E+07,7.79E-04,1.4064,0.5837,0.8937,0.4258,95.6168,0.00510,0.01870,0.00650,0.00260,0.00240,0.07180,0.07190,3.93700,5.62E+09,1.99E+08,2.67E+05,6.12E+08,5.50E+06,3.83E+07,4.53E+05,1.34E+08,5.64E+06,8.21E+08,0.007971598,0.000553883,28.24120603,1.39E-13,7.07E-09,0.653150153,0.72951207,163.8006931,122.7438481,1.70E-08
SP,SP04,T-SP4-d,79-SP04-D,401.6923,13.4795,0.2461,22.125,0.791,5.46,6.85,7.57,2.876,7.885,0.187,42.1658,0.0685,0.0288,0.0789,0.0019,4.46,16.59,19.34,57.7,27.55,14.75,0.577,0.2755,0.1475,347.68,0.45,47.56,0.0045,0.4756,85.965,144.57,-89.04,-3.93,8.16E+07,1.79E-03,0.9659,0.5874,0.9457,0.4905,204.173,0.00150,0.00800,0.00320,0.00160,0.00180,0.08710,0.06180,3.14000,1.71E+10,8.79E+08,9.36E+05,1.30E+09,1.86E+07,9.18E+07,5.83E+05,2.92E+08,1.36E+07,1.76E+09,0.008284238,0.001858325,19.45392491,1.05E-13,1.10E-09,0.621149298,0.834911574,347.5614919,113.748619,1.19E-08
SP,SP04,T-SP4-e,80-SP04-E,401.6923,13.4795,0.2461,21.525,0.844,6.96,10.41,7.47,4.626,9.36,0.296,31.6216,0.1041,0.0463,0.0936,0.003,5.6,24.12,30.19,57.7,27.55,14.75,0.577,0.2755,0.1475,1217.59,0.81,47.4,0.0081,0.474,106.5956,123.66,-74.64,2.5,5.43E+07,1.19E-03,,0.2114,0.3258,0.6162,193.8548,0.01200,0.02340,0.01120,,0.00860,0.11000,0.07100,2.88490,1.34E+10,9.75E+08,8.35E+05,1.68E+09,1.96E+07,1.31E+08,7.18E+05,2.38E+08,1.33E+07,1.94E+09,0.005270256,,13.74358974,8.91E-14,,0.648986014,2.914470787,916.8761991,162.3750461,1.45E-08
SP,SP05,T-SP5-a,101-SP05-A,265.177,16.9802,0.1564,30.35,0.568,1.23,1.94,7.68,0.796,4.204,0.115,36.5565,0.0194,0.008,0.042,0.0012,4.36,6.04,666.08,23.8,57.4,18.8,0.238,0.574,0.188,10.47,0.49,29.79,0.0049,0.2979,9.4779,20.89,-41.88,-7.12,7.01E+07,1.54E-03,0.1411,0.1096,0.1532,0.1329,92.1305,0.01450,0.03930,0.05000,0.01220,0.00280,0.06910,0.04210,0.68580,3.07E+08,8.47E+06,2.31E+04,1.40E+07,2.84E+05,6.35E+05,6.98E+03,2.80E+07,3.26E+05,7.69E+07,0.003864527,0.010931631,36.24557261,5.03E-12,1.67E-08,0.715045303,1.212799501,840.9864726,59.70873329,3.00E-07
SP,SP05,T-SP5-b,102-SP05-B,265.177,16.9802,0.1564,28.375,0.71,1.4,1.93,7.76,0.678,4.065,0.107,37.9907,0.0193,0.0068,0.0407,0.0011,6.22,4.77,27.91,23.8,57.4,18.8,0.238,0.574,0.188,7.36,0.66,40.07,0.0066,0.4007,11.6409,13.45,-78,-2.97,1.07E+08,2.36E-03,0.1496,0.0936,0.1303,0.1031,47.5552,0.01220,0.03220,0.02990,0.01080,0.00340,0.09820,,0.21160,1.31E+08,2.43E+06,1.64E+04,8.30E+06,2.51E+05,1.06E+06,1.94E+04,3.89E+06,2.22E+05,4.07E+07,0.003521562,0.015778767,53.90946502,1.80E-11,6.16E-08,0.718653423,1.101690406,507.9917773,20.13995024,3.63E-07
SP,SP05,T-SP5-c,103-SP05-C,265.177,16.9802,0.1564,29.725,0.721,1.51,0.8,7.67,0.763,4.179,0.118,35.4153,0.008,0.0076,0.0418,0.0012,169.5,6.04,132.63,23.8,57.4,18.8,0.238,0.574,0.188,54.58,0.76,37.64,0.0076,0.3764,15.403,28.19,-85.08,-3.32,1.60E+08,3.52E-03,0.0924,0.1373,0.1652,0.12,65.7369,0.01220,0.03610,0.04160,0.01170,0.00990,0.16680,0.06440,0.50760,1.55E+09,2.88E+07,1.12E+05,6.78E+07,5.12E+05,6.30E+06,1.01E+04,2.41E+07,7.44E+05,3.02E+08,0.006734332,0.038044651,53.81944444,2.27E-12,3.21E-09,0.830757693,0.874116769,478.9085748,18.69492496,4.24E-08
SP,SP05,T-SP5-d,104-SP05-D,265.177,16.9802,0.1564,29.25,0.57,2.95,1.9,7.73,0.497,3.306,0.09,36.7333,0.019,0.005,0.0331,0.0009,60.66,3.42,10497.8,23.8,57.4,18.8,0.238,0.574,0.188,23.22,0.5,36.22,0.005,0.3622,15.058,31.02,-25.32,0.6,7.78E+07,1.71E-03,,0.1019,0.1268,0.1308,33.6569,0.01100,0.03110,0.01470,0.0051,0.00770,0.17780,0.03520,0.43180,1.70E+07,1.67E+05,,9.29E+04,,,,9.22E+05,2.78E+04,6.33E+05,0.012696735,,101.7964072,1.01E-10,,0.804031479,1.283437725,330.1408454,19.66428771,1.98E-06
SP,SP05,T-SP5-e,105-SP05-E,265.177,16.9802,0.1564,27.825,0.542,1.05,2.12,7.72,0.867,4.191,0.132,31.75,0.0212,0.0087,0.0419,0.0013,4.76,5,27.42,23.8,57.4,18.8,0.238,0.574,0.188,8.67,0.94,39.56,0.0094,0.3956,15.1568,25.67,-39,-4.24,8.92E+07,1.96E-03,0.2465,0.1157,0.18,0.1483,100.2756,0.01620,0.04570,0.02360,0.00810,0.02160,,0.02970,0.64270,4.74E+09,7.81E+07,4.28E+05,2.07E+08,4.84E+06,3.03E+07,1.14E+05,7.42E+07,3.78E+06,1.07E+09,0.006877084,0.007958142,60.69142125,4.14E-13,3.16E-09,0.642342483,1.282246675,867.0511325,51.12286487,2.12E-08
SP,SP06,G-SP6-a,116-SP06-A,859.2783,9.1914,0.704,14.85,0.993,30.59,23.6,6.24,12.286,13.025,0.89,14.6348,0.236,0.1229,0.1303,0.0089,46.46,44.45,37.19,48.38,11.38,40.25,0.4838,0.1138,0.4025,740.58,0.99,45.45,0.0099,0.4545,186.5997,167,-7.776,-1.51,4.67E+08,1.03E-02,4.5268,0.9343,0.445,0.4744,232.0268,0.01870,0.13450,0.02410,0.01560,0.04810,0.13840,0.24390,3.31560,6.20E+10,7.40E+08,1.94E+06,2.20E+09,1.41E+08,2.60E+07,7.90E+06,1.36E+09,1.40E+08,3.87E+09,0.030745894,0.002267247,83.78378378,1.66E-13,6.12E-09,2.09967438,0.507767621,248.3507918,22.60722465,3.74E-09
SP,SP06,G-SP6-b,117-SP06-B,859.2783,9.1914,0.704,15.075,0.992,34.76,42.71,5.89,17.32,19.496,1.248,15.6218,0.4271,0.1732,0.195,0.0125,85.05,64.91,56.11,48.38,11.38,40.25,0.4838,0.1138,0.4025,643.78,1.3,45.86,0.013,0.4586,271.6193,251.26,-10.284,-0.42,5.03E+08,1.11E-02,,2.4654,1.2639,1.1,334.96,0.00380,0.06040,0.01050,0.01190,0.03800,0.42200,0.18210,2.89010,7.53E+10,1.70E+09,1.90E+06,3.32E+09,1.20E+08,5.83E+06,1.21E+07,1.82E+09,1.46E+08,3.76E+09,0.034226574,,44.29411765,1.47E-13,,1.950609998,0.446181231,135.8642558,30.27521635,4.45E-09
SP,SP06,G-SP6-c,118-SP06-C,859.2783,9.1914,0.704,15.125,0.991,31.41,40.33,6.25,14.852,16.813,1.065,15.7869,0.4033,0.1485,0.1681,0.0107,304.72,77.02,52.04,48.38,11.38,40.25,0.4838,0.1138,0.4025,561.38,1.12,46.42,0.0112,0.4642,311.2162,235.63,-15.66,2.94,9.94E+08,2.19E-02,7.4207,1.7194,0.7686,0.7914,321.5219,0.00630,0.05350,0.02480,0.01090,0.03860,0.43020,0.16900,2.80640,7.98E+10,1.16E+09,1.92E+06,2.06E+09,1.21E+08,1.77E+07,1.84E+07,1.30E+09,1.07E+08,5.09E+09,0.030397371,0.002945565,68.79310345,2.74E-13,6.40E-09,2.237151831,0.460265065,186.9920503,14.7094586,4.03E-09
SP,SP06,G-SP6-d,119-SP06-D,859.2783,9.1914,0.704,14.7,0.99,31.54,35.57,5.89,15.993,17.582,1.047,16.7927,0.3557,0.1599,0.1758,0.0105,86.35,67.4,59.55,48.38,11.38,40.25,0.4838,0.1138,0.4025,655.29,0.86,46.49,0.0086,0.4649,338.0996,286.35,-13.26,-9.98,1.03E+09,2.26E-02,9.6385,2.1895,0.9813,1.1873,361.4938,0.00670,0.04500,0.02020,0.01040,0.05200,0.38780,0.18120,2.07670,3.32E+10,2.14E+09,2.70E+06,1.39E+09,6.97E+07,3.17E+06,1.64E+07,1.06E+09,8.47E+07,3.29E+09,0.031413652,0.002346145,15.51401869,6.81E-13,4.50E-09,2.23114623,0.542280831,165.1036915,15.98580828,1.09E-08
SP,SP06,G-SP6-e,120-SP06-E,859.2783,9.1914,0.704,14.7,0.992,30.92,38.21,6.32,22.571,23.522,1.408,16.706,0.3821,0.2257,0.2352,0.0141,119.14,62.11,94.2,48.38,11.38,40.25,0.4838,0.1138,0.4025,646.23,1.38,46.11,0.0138,0.4611,313.8116,259.1,-11.304,7.32,1.05E+09,2.31E-02,12.5344,2.3375,1.0661,1.0787,344.0742,0.01280,0.08950,0.02000,0.01100,0.05550,0.53940,,3.86750,5.59E+10,1.27E+09,9.63E+05,1.51E+09,7.14E+07,9.91E+06,2.91E+07,1.39E+09,1.02E+08,3.89E+09,0.025895732,0.001844593,44.01574803,4.14E-13,9.87E-09,2.192511259,0.461486025,147.1990643,14.8814981,6.16E-09
SP,SP07,G-SP7-a,121-SP07-A,1003.9939,9.4308,0.9971,13.75,0.989,33.5,11.54,4.53,5.492,5.492,0.437,12.5675,0.1154,0.0549,0.0549,0.0044,24.71,17.42,18.19,21.05,47.4,31.55,0.2105,0.474,0.3155,1285.61,1.91,47.79,0.0191,0.4779,337.811,405.05,-125.76,-28.67,2.49E+08,5.48E-03,0.7325,0.1394,0.0723,0.0911,137.536,0.00100,0.00570,0.01700,0.00290,0.01610,,0.01360,0.96930,5.76E+10,7.59E+08,2.29E+06,2.81E+09,1.11E+08,2.33E+05,6.85E+06,1.65E+09,2.03E+08,3.31E+09,0.031850118,0.007479304,75.88932806,9.51E-14,9.65E-10,1.92819524,0.653670767,986.5434355,25.10315829,2.39E-09
SP,SP07,G-SP7-b,122-SP07-B,1003.9939,9.4308,0.9971,13.725,0.99,43,18.56,4.53,9.079,9.079,0.649,13.9892,0.1856,0.0908,0.0908,0.0065,59.67,27.47,41.53,21.05,47.4,31.55,0.2105,0.474,0.3155,1512.34,1.37,45.59,0.0137,0.4559,362.4707,342.63,-131.4,58.7,4.29E+08,9.44E-03,0.9011,0.1208,0.0761,0.1589,113.8493,0.00370,0.01750,0.00750,0.00140,0.05880,0.77050,0.02450,2.53900,5.68E+10,1.26E+09,3.45E+06,3.87E+09,1.17E+08,2.26E+06,2.71E+06,1.66E+09,2.34E+08,4.25E+09,0.041026736,0.010473839,45.07936508,1.66E-13,7.15E-10,1.587947594,1.315432075,942.3686422,12.06291003,2.00E-09
SP,SP07,G-SP7-c,123-SP07-C,1003.9939,9.4308,0.9971,13.8,0.991,43.71,18.79,4.21,9.436,9.436,0.678,13.9174,0.1879,0.0944,0.0944,0.0068,44.4,34.05,43.62,21.05,47.4,31.55,0.2105,0.474,0.3155,1335.7,1.48,46.97,0.0148,0.4697,349.557,317.78,-78.36,-14.6,7.48E+08,1.65E-02,0.8645,0.1069,0.0766,0.165,140.8825,0.00450,0.02240,0.01410,0.00250,0.07120,0.70640,0.04270,1.80830,5.99E+10,2.11E+09,3.83E+06,4.09E+09,1.80E+08,5.76E+06,4.34E+06,1.55E+09,2.81E+08,4.86E+09,0.052317821,0.019035283,28.38862559,2.75E-13,4.10E-10,1.39669354,1.543317352,1317.546786,8.561199052,2.35E-09
SP,SP07,G-SP7-d,124-SP07-D,1003.9939,9.4308,0.9971,14.125,0.99,35.68,14.42,3.82,6.902,6.902,0.499,13.8317,0.1442,0.069,0.069,0.005,35.13,21.83,20.32,21.05,47.4,31.55,0.2105,0.474,0.3155,1688.27,1.37,48.21,0.0137,0.4821,210.8049,202.32,-76.8,10.57,4.02E+08,8.84E-03,0.6748,0.0889,0.0821,0.1496,56.0615,0.00170,0.00980,0.01500,0.00270,0.03280,0.61030,0.01750,3.0098,5.90E+10,1.26E+09,3.95E+06,3.89E+09,1.38E+08,4.16E+06,4.65E+06,1.12E+09,1.94E+08,4.98E+09,0.035889989,0.013099391,46.82539683,1.50E-13,5.36E-10,1.083053365,1.682496437,630.3079537,6.341990155,9.50E-10
SP,SP07,G-SP7-e,125-SP07-E,1003.9939,9.4308,0.9971,14.075,0.991,28.46,28.8,4.02,3.856,3.856,0.294,13.1156,0.288,0.0386,0.0386,0.0029,27.94,11.73,21.55,21.05,47.4,31.55,0.2105,0.474,0.3155,919.93,1.5,48.05,0.015,0.4805,144.8768,171.94,-145.92,8.18,1.66E+08,3.66E-03,0.4403,0.0975,0.0637,0.0901,199.8977,0.00150,0.01040,0.00560,0.00130,0.01940,0.43860,0.01320,,4.22E+10,7.88E+08,1.99E+06,2.01E+09,8.79E+07,8.45E+05,2.23E+06,9.32E+08,1.39E+08,2.57E+09,,0.008310102,53.55329949,8.67E-14,5.59E-10,1.530577712,0.924188248,2049.792553,54.6376977,4.74E-09
SP,SP08,G-SP8-a,126-SP08-A,1361.6559,12.1779,1.3318,15.175,0.995,39.33,14.32,3.89,7.279,7.279,0.398,18.2889,0.1432,0.0728,0.0728,0.004,13.94,27.56,28.09,43.75,42.45,13.8,0.4375,0.4245,0.138,472.04,1.21,48.94,0.0121,0.4894,503.4054,487.08,-74.88,3.3,3.43E+08,7.54E-03,1.6716,0.391,0.4119,0.2348,155.9054,0.00440,0.03620,0.01250,0.00080,0.08420,1.06620,0.02320,0.45820,3.28E+10,1.98E+09,2.37E+06,1.45E+09,9.85E+07,1.12E+07,2.21E+06,9.16E+08,7.81E+07,9.73E+08,0.044578285,0.004512978,16.56565657,2.30E-13,8.44E-10,0.949180154,0.600601053,398.7293247,20.66619042,4.75E-09
SP,SP08,G-SP8-b,127-SP08-B,1361.6559,12.1779,1.3318,15.075,0.992,38.13,12.21,3.93,5.397,5.397,0.372,14.5081,0.1221,0.054,0.054,0.0037,19.78,27.8,26.25,43.75,42.45,13.8,0.4375,0.4245,0.138,352.49,0.86,47.67,0.0086,0.4767,271.9575,270.46,-100.68,-14.42,2.06E+08,4.53E-03,0.702,0.3806,0.4144,0.2399,164.7069,0.00150,0.02230,0.01790,0.00010,0.07220,0.75070,0.02760,,6.49E+10,2.78E+09,3.26E+06,3.07E+09,2.20E+08,1.83E+07,2.93E+06,1.37E+09,1.71E+08,2.27E+09,0.038768531,0.006446618,23.34532374,6.97E-14,2.53E-10,0.918286172,0.63040576,432.8083245,36.39385427,2.54E-09
SP,SP08,G-SP8-c,128-SP08-C,1361.6559,12.1779,1.3318,15.6,0.991,45.24,16.71,3.78,8.71,8.71,0.519,16.7823,0.1671,0.0871,0.0871,0.0052,31,31.1,48.82,43.75,42.45,13.8,0.4375,0.4245,0.138,570.2,1.31,48.62,0.0131,0.4862,544.7601,477.01,-61.68,28.13,3.35E+08,7.37E-03,1.1817,0.384,0.4882,0.2496,231.4758,0.00680,0.02710,0.00990,0.00090,0.09330,1.07500,0.03240,2.20530,6.69E+10,2.08E+09,3.67E+06,4.58E+09,1.59E+08,1.34E+07,3.43E+06,1.28E+09,1.12E+08,1.75E+09,0.049849474,0.006236471,32.16346154,1.10E-13,5.68E-10,0.78643886,0.650133013,602.8749724,31.4102087,3.46E-09
SP,SP08,G-SP8-d,129-SP08-D,1361.6559,12.1779,1.3318,15.65,0.99,37.11,12.95,3.55,6.552,6.552,0.422,15.5261,0.1295,0.0655,0.0655,0.0042,14.39,26.94,22.57,43.75,42.45,13.8,0.4375,0.4245,0.138,391.78,0.99,49.09,0.0099,0.4909,951.0259,1005.27,-45.96,-16.41,3.27E+08,7.20E-03,0.664,0.1084,0.1129,0.126,152.4469,0.00660,0.04300,,0.00370,,,0.02170,4.43910,2.83E+10,1.65E+09,1.46E+06,1.43E+09,6.00E+07,7.15E+06,2.23E+06,5.23E+08,7.84E+07,7.32E+08,0.033276629,0.010846143,17.15151515,2.54E-13,4.02E-10,0.959535596,1.162976849,1406.748809,21.16893201,5.39E-09
SP,SP08,G-SP8-e,130-SP08-E,1361.6559,12.1779,1.3318,15.375,0.991,29.52,8.57,3.74,3.939,3.939,0.271,14.5351,0.0857,0.0394,0.0394,0.0027,16.08,24.69,30.85,43.75,42.45,13.8,0.4375,0.4245,0.138,606.08,1.09,49.59,0.0109,0.4959,617.8429,534.34,-87.12,10.41,3.41E+08,7.50E-03,,0.1302,0.1116,0.1255,126.4689,0.00100,0.00710,0.0052,0.00150,0.03350,0.70800,0.07560,0.98120,2.85E+10,1.03E+09,1.97E+06,1.76E+09,6.52E+07,9.19E+05,2.14E+06,6.65E+08,7.76E+07,7.93E+08,,,27.66990291,2.63E-13,,1.166824645,0.963985919,971.4493931,16.860748,4.44E-09
SP,SP09,G-SP9-a,131-SP09-A,314.2399,17.0955,0.1846,30.925,0.718,2.14,2.78,7.53,0.936,9.115,0.093,98.0108,0.0278,0.0094,0.0912,0.0009,73.75,6.51,19.82,51.05,30.5,18.45,0.5105,0.305,0.1845,2.63,0.58,46.77,0.0058,0.4677,71.529,82.69,-28.2,4.16,8.38E+07,1.84E-03,0.2056,0.0886,0.1256,0.1821,59.4586,0.00550,0.00790,0.0028,0.0000,0.00340,0.04550,0.03160,4.87050,5.92E+09,1.87E+08,1.67E+05,1.91E+08,8.89E+06,6.10E+07,9.15E+05,1.06E+08,7.32E+06,1.09E+09,0.002608519,0.008961723,31.65775401,3.11E-13,1.10E-09,0.705971971,2.054951669,670.8236981,32.26815031,1.00E-08
SP,SP09,G-SP9-b,132-SP09-B,314.2399,17.0955,0.1846,30.975,0.756,3.41,3.54,7.64,1.389,7.025,0.133,52.8195,0.0354,0.0139,0.0703,0.0013,5.25,6.03,22.11,51.05,30.5,18.45,0.5105,0.305,0.1845,89.75,0.42,46.74,0.0042,0.4674,130.4432,97.78,-34.2,-4.88,7.15E+07,1.57E-03,0.3541,0.0948,0.1429,0.1988,67.3746,0.00780,0.02090,0.00800,0.0002,0.00400,0.08100,0.07930,,2.59E+07,1.31E+06,,2.39E+06,7.45E+04,4.92E+05,7.72E+03,1.19E+06,1.28E+05,1.24E+07,0.004189692,0.004442657,19.77099237,6.07E-11,2.70E-07,0.663329724,2.097575606,711.0001021,42.8333053,2.60E-06
SP,SP09,G-SP9-c,133-SP09-C,314.2399,17.0955,0.1846,29.625,0.84,3.14,4.1,7.53,1.579,9.477,0.158,59.981,0.041,0.0158,0.0948,0.0016,4.67,7.85,18.77,51.05,30.5,18.45,0.5105,0.305,0.1845,563.45,0.97,47.59,0.0097,0.4759,146.5179,126.75,-50.28,0.09,9.36E+07,2.06E-03,0.5558,0.1033,0.1223,0.1757,27.4153,0.01300,0.02820,0.04170,0.01110,0.00650,0.10130,,3.15940,2.92E+09,1.16E+08,7.80E+04,8.63E+07,2.13E+06,1.52E+07,5.86E+05,8.55E+07,3.18E+06,4.22E+08,0.004395309,0.003703798,25.17241379,7.05E-13,4.79E-09,0.844238862,1.701833076,265.4737816,13.31703965,9.39E-09
SP,SP09,G-SP9-d,134-SP09-D,314.2399,17.0955,0.1846,33.275,0.895,3.1,2.46,7.65,1.178,8.83,0.108,81.7593,0.0246,0.0118,0.0883,0.0011,3.8,5.96,18.18,51.05,30.5,18.45,0.5105,0.305,0.1845,49.88,0.6,46.2,0.006,0.462,54.3239,66.94,-41.4,-3.41,4.39E+07,9.66E-04,0.1747,0.0587,0.0716,0.1208,48.8303,0.01080,0.01970,0.03600,0.01150,0.00370,0.08430,0.03700,4.39650,8.34E+08,9.63E+06,1.57E+04,1.85E+07,3.02E+05,2.44E+06,3.91E+04,6.87E+06,3.87E+05,5.24E+07,0.001033242,0.005532688,86.60436137,1.16E-12,1.81E-08,0.819624188,2.058845978,832.448439,50.53022692,5.85E-08
SP,SP09,G-SP9-e,135-SP09-E,314.2399,17.0955,0.1846,32.8,0.697,1.78,1.89,7.66,0.565,8.972,0.057,157.4035,0.0189,0.0057,0.0897,0.0006,4.37,3.1,14.64,51.05,30.5,18.45,0.5105,0.305,0.1845,44.75,1.02,47.33,0.0102,0.4733,31.2905,32.63,-25.8,-1.67,8.05E+07,1.77E-03,0.1559,0.1071,0.1674,0.1529,94.6269,0.00290,0.00690,0.00620,0.00190,0.00250,0.04470,0.05690,3.99320,1.44E+07,2.51E+05,,5.40E+05,,7.68E+03,5.64E+03,1.26E+06,5.41E+04,1.70E+06,0.001760376,0.011362204,57.37051793,1.23E-10,6.21E-07,0.6400278,1.426988845,883.2733147,53.42025847,6.57E-06
SP,SP10,G-SP10-a,136-SP10-A,304.0818,16.8649,0.1771,42.325,0.51,0.71,1.66,7.72,0.445,2.412,0.052,46.3846,0.0166,0.0045,0.0241,0.0005,33.95,3.96,23.96,76.55,17.15,6.3,0.7655,0.1715,0.063,15.42,0.63,38.11,0.0063,0.3811,11.4685,17.56,-19.98,-0.94,7.23E+07,1.59E-03,0.1229,0.0357,0.0421,0.0565,40.7128,0.01700,0.05920,0.01810,0.00230,0.00520,0.05820,0.03660,2.90200,6.19E+09,4.25E+07,5.92E+04,2.60E+08,2.97E+06,2.24E+07,1.82E+05,5.15E+07,3.36E+06,8.23E+08,0.041867003,0.012933826,145.6470588,2.57E-13,2.89E-09,0.84812148,1.582320296,1140.802515,25.60902978,6.58E-09
SP,SP10,G-SP10-b,137-SP10-B,304.0818,16.8649,0.1771,44.025,0.516,0.63,1.62,7.62,0.508,1.634,0.054,30.2593,0.0162,0.0051,0.0163,0.0005,44.44,4.96,16.07,76.55,17.15,6.3,0.7655,0.1715,0.063,281.82,0.49,47.28,0.0049,0.4728,42.7532,51.16,-44.64,0.69,8.76E+07,1.93E-03,0.1387,0.059,0.0618,0.0632,36.3334,0.01290,0.06700,0.00950,0.00000,0.01210,0.10200,0.06110,1.61220,1.07E+09,2.28E+07,2.62E+04,5.96E+07,1.04E+06,3.78E+06,2.57E+05,2.38E+07,1.12E+06,2.70E+08,0.046806277,0.01389174,46.92982456,1.80E-12,6.08E-09,0.954569592,1.070857381,615.9279119,18.85273157,3.40E-08
SP,SP10,G-SP10-c,138-SP10-C,304.0818,16.8649,0.1771,45.55,0.516,0.62,1.85,7.76,0.406,2.626,0.055,47.7455,0.0185,0.0041,0.0263,0.0006,33.07,4.58,25.16,76.55,17.15,6.3,0.7655,0.1715,0.063,70.33,0.56,45.85,0.0056,0.4585,45.2012,47.75,-15.24,1.25,7.95E+07,1.75E-03,,0.0414,0.0435,0.0468,30.3373,0.01590,0.03160,0.01540,0.00000,0.00810,0.10140,0.03900,2.79640,1.81E+09,1.99E+07,1.28E+04,9.71E+07,3.09E+06,1.22E+07,2.46E+05,2.60E+07,2.10E+06,4.92E+08,0.033678038,,90.95477387,9.66E-13,,0.950953567,1.130788819,732.6044209,17.34581723,1.68E-08
SP,SP10,G-SP10-d,139-SP10-D,304.0818,16.8649,0.1771,45.475,0.536,0.58,1.59,7.71,0.502,2.066,0.059,35.0169,0.0159,0.005,0.0207,0.0006,32.57,3.61,20.26,76.55,17.15,6.3,0.7655,0.1715,0.063,31.78,0.48,44.85,0.0048,0.4485,19.2529,33.52,-15.048,-4.57,9.26E+07,2.04E-03,0.125,0.0523,0.0745,0.0744,35.5229,,0.11040,0.01180,0.00100,0.01250,0.10680,0.06420,2.57270,3.05E+09,4.83E+07,7.57E+04,1.70E+08,2.77E+06,2.01E+07,1.25E+05,1.52E+08,2.45E+06,6.12E+08,0.04013662,0.016289322,63.14699793,6.68E-13,2.59E-09,0.702305647,1.422726179,679.0064322,17.43921205,1.16E-08
SP,SP10,G-SP10-e,140-SP10-E,304.0818,16.8649,0.1771,48.325,0.549,0.65,1.96,7.66,0.686,2.319,0.058,39.9828,0.0196,0.0069,0.0232,0.0006,31.21,4.03,17.76,76.55,17.15,6.3,0.7655,0.1715,0.063,43.71,0.68,44.56,0.0068,0.4456,29.9765,41.27,-24.948,-2.83,6.35E+07,1.40E-03,0.2584,0.0711,0.0988,0.0998,67.9965,0.01780,0.06560,0.0254,0.00440,0.01610,0.11200,0.06380,2.22180,6.08E+09,1.26E+08,1.31E+05,2.88E+08,5.14E+06,3.75E+07,1.02E+06,4.42E+08,4.90E+06,1.56E+09,0.047568585,0.005410194,48.25396825,2.30E-13,2.05E-09,0.719430237,1.403711817,956.7397811,48.63966169,1.12E-08
SP,SP11,G-SP11-a,141-SP11-A,550.3082,14.6869,0.4008,23.45,0.859,5.14,8.42,7.28,3.501,6.731,0.22,30.5955,0.0842,0.035,0.0673,0.0022,38.22,20.22,26.39,60.6,19.35,20.05,0.606,0.1935,0.2005,1455.86,0.59,39.81,0.0059,0.3981,73.0634,97.98,-44.28,-0.42,4.67E+07,1.03E-03,1.9073,0.2093,0.1583,0.2041,138.5285,0.01220,0.03560,0.02010,0.00000,0.02480,0.29260,0.06540,1.01810,2.83E+10,1.49E+09,8.38E+05,1.32E+09,3.20E+07,1.08E+08,2.21E+07,6.79E+08,2.84E+07,1.74E+09,0.013944637,0.000538306,18.99328859,3.63E-14,1.28E-09,1.321902914,0.975157703,661.9686484,134.925206,4.90E-09
SP,SP11,G-SP11-b,142-SP11-B,550.3082,14.6869,0.4008,24.85,0.827,4.6,8.9,7.09,4.766,6.963,0.171,40.7193,0.089,0.0477,0.0696,0.0017,35.54,16.06,24.8,60.6,19.35,20.05,0.606,0.1935,0.2005,954.86,0.63,49.1,0.0063,0.491,119.1064,106.16,-37.8,-1.31,4.68E+07,1.03E-03,1.1342,0.1495,0.0948,0.2692,202.9092,0.00380,0.01860,0.00210,0.00000,0.00210,0.08970,0.06210,1.28240,2.06E+10,1.17E+09,5.10E+05,8.67E+08,2.55E+07,6.93E+07,1.37E+07,4.08E+08,2.01E+07,1.34E+09,0.01144187,0.00090838,17.60683761,5.00E-14,9.69E-10,1.576145128,1.801247228,1357.674254,196.9503346,9.85E-09
SP,SP11,G-SP11-c,143-SP11-C,550.3082,14.6869,0.4008,25.15,0.845,3.96,5.67,7.38,2.515,5.386,0.177,30.4294,0.0567,0.0252,0.0539,0.0018,36.49,15.12,22.57,60.6,19.35,20.05,0.606,0.1935,0.2005,1614.23,0.41,46.58,0.0041,0.4658,74.758,73.57,-22.872,14.68,4.83E+07,1.06E-03,1.3663,0.2832,0.1855,0.2415,111.9667,0.01100,0.02590,0.00970,0.00050,0.00920,0.07320,0.06470,0.75850,2.50E+10,8.60E+08,6.84E+05,9.96E+08,2.25E+07,2.02E+08,1.68E+07,5.08E+08,2.03E+07,1.63E+09,0.013986548,0.000777053,29.06976744,4.25E-14,1.59E-09,1.526193267,0.852917044,395.4079046,105.4607307,4.48E-09
SP,SP11,G-SP11-d,144-SP11-D,550.3082,14.6869,0.4008,24.025,0.893,8.05,18.78,6.6,6.828,9.603,0.268,35.8321,0.1878,0.0683,0.096,0.0027,178,26.98,29.2,60.6,19.35,20.05,0.606,0.1935,0.2005,472.57,0.46,48.75,0.0046,0.4875,69.3843,67.91,-32.28,-1.88,6.75E+07,1.48E-03,2.327,,,,206.7287,0.00410,0.02900,0.01440,0.00130,0.02310,0.16240,0.03620,0.95700,3.50E+10,2.20E+09,1.08E+06,1.08E+09,2.90E+07,6.94E+07,2.51E+07,5.26E+08,3.20E+07,1.69E+09,0.019246406,0.000637733,15.90909091,4.24E-14,1.06E-09,,,,139.3071272,5.91E-09
SP,SP11,G-SP11-e,145-SP11-E,550.3082,14.6869,0.4008,24,0.879,6.09,10.01,7.11,4.483,5.658,0.203,27.8719,0.1001,0.0448,0.0566,0.002,36.05,20.58,27.76,60.6,19.35,20.05,0.606,0.1935,0.2005,641.64,0.54,48.38,0.0054,0.4838,74.6813,70.89,-16.8,-4.48,1.29E+08,2.84E-03,1.7667,0.7312,0.8703,0.9576,187.2733,0.00290,0.02100,0.00370,0.00000,0.01220,0.22610,0.08220,1.37410,2.64E+10,2.32E+09,6.06E+05,9.79E+08,2.34E+07,4.33E+07,2.51E+07,4.45E+08,2.32E+07,1.48E+09,0.016273828,0.001608012,11.37931034,1.08E-13,7.62E-10,0.840202647,1.309507023,256.1039969,65.91962037,7.09E-09
SP,SP12,G-SP12-a,146-SP12-A,590.5134,14.4181,0.4321,24.25,0.867,2.13,4.74,5.99,2.499,2.499,0.166,15.0542,0.0474,0.025,0.025,0.0017,33.55,5.38,18.19,83.4,12.35,4.25,0.834,0.1235,0.0425,803.1,0.82,47.27,0.0082,0.4727,74.718,63.52,-12.732,-3.02,2.51E+08,5.51E-03,0.8512,0.1083,0.0172,0.0749,53.0014,,0.02860,0.00490,,0.02850,0.24420,0.03030,1.78110,2.67E+10,1.17E+09,1.09E+06,6.11E+08,2.58E+07,1.59E+07,4.15E+06,5.30E+08,2.47E+07,1.40E+09,0.073144315,0.006478128,22.82051282,2.07E-13,7.28E-10,6.297419554,0.691100046,489.2999875,9.612032671,1.99E-09
SP,SP12,G-SP12-b,147-SP12-B,590.5134,14.4181,0.4321,25.225,0.842,1.82,4.49,5.79,2.428,2.428,0.167,14.5389,0.0449,0.0243,0.0243,0.0017,37.18,9.21,21.41,83.4,12.35,4.25,0.834,0.1235,0.0425,610.82,0.92,47.16,0.0092,0.4716,96.1709,80.53,-20.304,-2.32,9.03E+07,1.99E-03,0.5763,0.1611,0.0358,0.1023,40.4265,0.0087,0.05780,0.01500,0.00790,0.02130,0.27460,0.03560,1.62310,1.81E+10,7.72E+08,6.15E+05,5.50E+08,2.23E+07,2.72E+07,9.55E+06,3.51E+08,3.02E+07,1.25E+09,0.075410855,0.003446358,23.44559585,1.10E-13,7.46E-10,4.492979043,0.635247505,251.0016932,20.35446631,2.23E-09
SP,SP12,G-SP12-c,148-SP12-C,590.5134,14.4181,0.4321,27.3,0.766,1.42,4.12,5.11,2.148,2.148,0.134,16.0299,0.0412,0.0215,0.0215,0.0013,40.16,8.62,19.91,83.4,12.35,4.25,0.834,0.1235,0.0425,675.27,0.8,47.43,0.008,0.4743,48.2614,43.1,-23.892,-1.1,1.47E+08,3.23E-03,0.4482,0.1912,0.0412,0.1002,19.1647,0.01180,0.08250,0.01400,0.00920,0.02930,0.41110,0.04710,0.72760,1.06E+10,9.41E+08,8.96E+05,3.26E+08,1.46E+07,1.15E+06,3.22E+06,2.59E+08,1.76E+07,3.09E+08,0.062467359,0.007196096,11.26461211,3.04E-13,4.76E-10,4.639284888,0.524197381,100.2544212,5.941788102,1.81E-09
SP,SP12,G-SP12-d,149-SP12-D,590.5134,14.4181,0.4321,29.45,0.803,1.29,3.34,5.76,2.417,2.417,0.167,14.4731,0.0334,0.0242,0.0242,0.0017,39.22,10.34,17.99,83.4,12.35,4.25,0.834,0.1235,0.0425,1028.65,0.97,47.79,0.0097,0.4779,32.6849,31.31,-23.7,4.03,1.23E+08,2.70E-03,0.6894,0.1885,0.0455,0.0941,61.4799,,,0.02340,0.01240,0.06250,0.44430,0.03500,1.95890,1.26E+10,1.20E+09,1.02E+06,4.21E+08,1.83E+07,9.47E+06,5.68E+06,3.61E+08,2.00E+07,6.57E+08,0.073740465,0.003919237,10.5,2.14E-13,5.74E-10,4.144455792,0.49935206,326.1440232,22.75515506,4.88E-09
SP,SP12,G-SP12-e,150-SP12-E,590.5134,14.4181,0.4321,24.9,0.902,2.43,5.28,5.56,2.564,2.564,0.171,14.9942,0.0528,0.0256,0.0256,0.0017,39.85,9.68,20.8,83.4,12.35,4.25,0.834,0.1235,0.0425,885.4,0.92,47.16,0.0092,0.4716,32.2763,27.53,-16.272,-1.54,2.01E+08,4.42E-03,0.5857,0.2561,0.0633,0.1106,78.8364,0.01200,0.06590,0.01470,0.01060,0.03000,0.36270,0.01870,1.15290,2.73E+10,1.03E+09,1.62E+06,8.40E+08,7.35E+07,8.78E+06,8.07E+06,5.07E+08,6.91E+07,2.05E+09,0.070854262,0.007550503,26.50485437,1.62E-13,5.69E-10,4.048752508,0.431777641,307.8466058,17.8282552,2.89E-09
