Site;Name;Number_name;MAP;MAT;AI;Soil_Temp;Water_activity;Water_content;SOM;pH;TOC;TC;TN;C_N;NH4;PO43;SO42;Sand;Silt;Clay;Litter;L_TC;L_TN;BB;FB;alpha;beta;xyl;cbh;gla;fos;leu;phe;Respiration;altitude;landcover;s275.295;s350.400;SR;E2.E3;E3.E4;E4.E6;FI;BIX;Peak_A;Peak_C;Peak_M;Peak_T;Peak_B;HIX;LTC_LTN;xylcbh;alphabeta;Aridity
SP01;T-SP1-a;1-SP01-A;1312.6171;12.1382;1.25;16.4;0.99;32.61;0.1061;4.36;0.0376;0.0376;0.0028;13.5776;10.79;11.35;45.62;0.4695;0.373;0.1575;852.82;0.0136;0.4906;0.00264;0.3121;0.002;0.0157;0.0048;0;0.0246;0.5937;0.0319;0;0.02971528;344;Deciduous Broadleaf Forests;-0.02469213;-0.01548341;1.5947475;7.4959758;5.3029127;7.7256413;1.8034623;0.58455791;0.98190541;0.57683852;0.52345311;0.48573481;0.38091429;3.4899153;0.027721158;0.0048;0.0177;-0.25
SP01;T-SP1-b;2-SP01-B;1312.6171;12.1382;1.25;13.25;0.99;31.65;0.0979;4.14;0.0348;0.0348;0.0027;12.7044;31.01;17.47;47.18;0.4695;0.373;0.1575;323.2;0.0119;0.4885;0.00272;0.0699;0.0013;0.011;0.0082;0;0.0117;0.1078;0.0252;0.3846;0.02621946;344;Deciduous Broadleaf Forests;-0.02469213;-0.01548341;1.5947475;7.4959758;5.3029127;7.7256413;1.8034623;0.58455791;0.98190541;0.57683852;0.52345311;0.48573481;0.38091429;3.4899153;0.024360287;0.0082;0.0123;-0.25
SP01;T-SP1-c;3-SP01-C;1312.6171;12.1382;1.25;16.3;0.99;32.13;0.1149;4.34;0.0472;0.0472;0.0035;13.3796;6.59;16.14;38.72;0.4695;0.373;0.1575;576.95;0.0137;0.4849;0.00222;0.1121;0.0016;0.0113;0.0086;9.00E-04;0.0153;0.4665;0.0404;0.027;0.03305217;344;Deciduous Broadleaf Forests;-0.02469213;-0.01548341;1.5947475;7.4959758;5.3029127;7.7256413;1.8034623;0.58455791;0.98190541;0.57683852;0.52345311;0.48573481;0.38091429;3.4899153;0.028253248;0.0095;0.0129;-0.25
SP01;T-SP1-d;4-SP01-D;1312.6171;12.1382;1.25;16.1;0.991;28.22;0.0673;4.53;0.0247;0.0247;0.0022;11.0807;5.46;6.61;31.09;0.4695;0.373;0.1575;956.15;0.0147;0.4877;0.00175;0.144925;0;0.0015;8.00E-04;0;0.0034;0.0799;0.0117;0;0.02342833;344;Deciduous Broadleaf Forests;-0.02469213;-0.01548341;1.5947475;7.4959758;5.3029127;7.7256413;1.8034623;0.58455791;0.98190541;0.57683852;0.52345311;0.48573481;0.38091429;3.4899153;0.03014148;8.00E-04;0.0015;-0.25
SP01;T-SP1-e;5-SP01-E;1312.6171;12.1382;1.25;16.1;0.991;31.56;0.0919;4.21;0.0381;0.0381;0.0031;12.2444;6.19;12.93;51.44;0.4695;0.373;0.1575;567.93;0.0126;0.4501;0.00293;0.0856;9.00E-04;0.0056;0.0028;0;0.013;0.1234;0.0354;0.674;0.02810381;344;Deciduous Broadleaf Forests;-0.020433546;-0.014048353;1.45451543;6.06871809;4.65148636;7.63015227;1.80242433;0.552247932;1.01215662;0.563450227;0.529328598;0.507771298;0.375133677;3.92232253;0.027993779;0.0028;0.0065;-0.25
SP02;T-SP2-a;26-SP02-A;1253.26;10.9707;1.09;13.875;0.994;10.43;0.0794;4.16;0.0273;0.0273;0.0025;10.9759;66.84;84.42;26.84;0.617;0.323;0.06;402.92;0.0103;0.4816;0.00545;0.3111;0.0028;0.027;0.01;0.002;0.0075;0.0317;0.0112;0.0664;0.02286121;664.5;Deciduous Broadleaf Forests;-0.017057869;-0.022496379;0.758249546;7.01137676;7.64018877;-162.467638;1.64025856;0.549776697;2.28335292;1.35373946;1.23009832;0.525313485;0.210222862;10.9056672;0.021387043;0.012;0.0298;-0.09
SP02;T-SP2-b;27-SP02-B;1253.26;10.9707;1.09;13.625;0.991;16.03;0.0811;4.54;0.0403;0.0403;0.0035;11.5114;7.07;158.78;21.65;0.617;0.323;0.06;631.22;0.0118;0.4741;0.00512;0.4517;0.0034;0.0206;0.0063;4.00E-04;0.0052;0.0272;0.0169;0.6491;0.02474401;664.5;Deciduous Broadleaf Forests;-0.015930577;-0.014305608;1.1135896;4.9491639;4.3597031;7.2488459;1.5052504;0.52956609;0.66880973;0.37558892;0.3401363;0.46244608;0.29393417;3.4092089;0.024889264;0.0067;0.024;-0.09
SP02;T-SP2-c;28-SP02-C;1253.26;10.9707;1.09;13.525;0.991;14.72;0.0782;4.45;0.0325;0.0325;0.0027;12.2792;9.2;112.02;23.37;0.617;0.323;0.06;696.82;0.0111;0.5129;0.00346;0.6522;0.0026;0.018;0.0027;2.00E-04;0.0025;0.0156;0.0118;1.7281;0.03471148;664.5;Deciduous Broadleaf Forests;-0.017062693;-0.01671638;1.02071698;5.21321026;4.91211196;10.1940464;1.58749074;0.487963319;1.46056648;0.8104077;0.710843657;0.447675526;0.299688137;6.40436813;0.021641646;0.0029;0.0206;-0.09
SP02;T-SP2-d;29-SP02-D;1253.26;10.9707;1.09;13.7;0.99;20.13;0.1009;5.06;0.0521;0.0521;0.0036;14.4211;79.37;143.31;22.44;0.617;0.323;0.06;250.35;0.0105;0.4735;0.0061;1.0405;0.0106;0.066;0.0087;0.0016;0.0062;0.0196;0.0218;2.1063;0.03474105;664.5;Deciduous Broadleaf Forests;-0.014638997;-0.01939337;0.754845443;5.40481753;5.83469845;27.6675231;1.54376035;0.424775634;2.92606977;1.73764238;1.56058848;0.535039126;0.28532896;12.403163;0.02217529;0.0103;0.0766;-0.09
SP02;T-SP2-e;30-SP02-E;1253.26;10.9707;1.09;13.7;0.989;9.03;0.0611;4.05;0.0274;0.0274;0.0023;11.7682;7.33;101.21;21.59;0.617;0.323;0.06;194.7;0.0089;0.4885;0.00296;0.4734;0.0017;0.0105;0.0034;0;0.0037;0.0316;0.0062;1.6586;0.029264438;664.5;Deciduous Broadleaf Forests;-0.015786834;-0.022309311;0.707634291;6.47921038;7.39648154;-11.6785742;1.55938508;0.471284447;1.92124548;1.21705313;1.09852813;0.410306846;0.187199852;10.9008693;0.018219038;0.0034;0.0122;-0.09
SP03;T-SP3-a;51-SP03-A;719.53;13.8481;0.56;24.8;0.773;1.49;0.0337;4.97;0.0161;0.0161;7.00E-04;22.6479;13.75;4.32;16.61;0.728;0.2135;0.0585;968.53;0.0048;0.4886;0.00103;0.1725;0.0041;0.0322;0.0046;0.0018;0.008;0.3002;0.0171;1.3522;0.04752481;259;Evergreen Needleleaf Forests;-0.01628027;-0.018493623;0.880318072;5.65640591;5.63940434;9.73906165;1.46302732;0.434821695;1.82357284;1.14011464;1.04362914;0.737029401;0.633399022;3.77592572;0.009823987;0.0064;0.0363;0.44
SP03;T-SP3-b;52-SP03-B;719.53;13.8481;0.56;26.075;0.85;2.66;0.0578;4.43;0.0275;0.0275;0.001;27.47;7.49;3.96;20.76;0.728;0.2135;0.0585;665.09;0.0063;0.4832;0.00018;0.2155;0.0107;0.0843;0.0112;0.0107;0.0172;0.0859;0.0153;1.2893;0.04424341;259;Evergreen Needleleaf Forests;-0.015238272;-0.016081871;0.947543489;5.09257184;4.78966654;6.89607313;1.50552944;0.487963699;2.14892542;1.21654414;1.13077441;1.42813456;1.30858851;2.8690792;0.013038079;0.0219;0.095;0.44
SP03;T-SP3-c;53-SP03-C;719.53;13.8481;0.56;24.75;0.872;2.66;0.0575;4.4;0.0317;0.0317;0.0011;28.8182;30.57;10.79;20.7;0.728;0.2135;0.0585;733.57;0.0066;0.5012;0.00146;0.2424;0.0106;0.0939;0.0073;0.0093;0.0423;0.4789;0.0145;0.1945;0.05081554;259;Evergreen Needleleaf Forests;-0.015095694;-0.018593791;0.811867485;5.28603414;5.40564206;8.88838393;1.52769541;0.474313686;1.90736679;1.15356667;1.07038971;0.995665665;0.896393874;3.34823966;0.013168396;0.0166;0.1045;0.44
SP03;T-SP3-d;54-SP03-D;719.53;13.8481;0.56;27.6;0.849;2.25;0.04;4.98;0.0218;0.0218;9.00E-04;23.978;94.7;3.86;24.12;0.728;0.2135;0.0585;856.92;0.0066;0.3776;0.000208;0.2099;0.0067;0.0705;0.0048;0.0046;0.0188;0.4003;0.0143;1.7081;0.05089577;259;Evergreen Needleleaf Forests;-0.015675268;-0.019503023;0.803735305;5.50697051;5.73306339;9.90914098;1.4785097;0.468183011;2.00135614;1.21295647;1.14124894;0.999302012;0.936131288;4.09958618;0.017478814;0.0094;0.0772;0.44
SP03;T-SP3-e;55-SP03-E;719.53;13.8481;0.56;26.475;0.817;1.84;0.0304;4.87;0.0141;0.0141;6.00E-04;24.3103;5.09;3.04;20.37;0.728;0.2135;0.0585;976.86;0.0082;0.4782;0.000757;0.2372;0.0111;0.0826;0.0035;0.0066;0.0367;0.4278;0.014;2.3026;0.05034049;259;Evergreen Needleleaf Forests;-0.016058648;-0.02164081;0.742053915;5.73967721;6.43143068;12.8613733;1.45647475;0.428402464;2.1276609;1.35305934;1.24559;0.756143463;0.749290192;5.19563543;0.017147637;0.0101;0.0937;0.44
SP04;T-SP4-a;76-SP04-A;401.6923;13.4795;0.25;23.175;0.897;7.37;0.0737;7.74;0.0314;0.0837;0.0021;40.2404;4.15;20.08;19.86;0.577;0.2755;0.1475;522.66;0.0045;0.4172;0.00101;0.8937;0.0047;0.0155;0.0138;0.0071;0.005;0.267;0.0817;4.7954;0.00717969;925;Open Shrublands;-0.017981308;-0.016933905;1.06185246;5.51985101;5.0328844;10.6229449;1.50567331;0.491866495;2.44433027;1.34764857;1.28364218;1.12999038;0.7790299;4.47240025;0.010786194;0.0209;0.0202;0.75
SP04;T-SP4-b;77-SP04-B;401.6923;13.4795;0.25;24.625;0.887;9.37;0.1332;7.4;0.0542;0.11;0.0034;32.2493;5.34;34.96;25.34;0.577;0.2755;0.1475;2102.36;0.0061;0.4838;0.00247;1.7986;0.0094;0.0152;0.0202;0.0016;0.0107;0.3927;0.0983;3.0898;0.00745158;925;Open Shrublands;-0.016108877;-0.017938754;0.902437652;5.22083462;5.27919515;15.67973628;1.46863479;0.453086678;2.623772365;1.478343025;1.39795481;0.834608678;0.564544098;6.877175448;0.012608516;0.0218;0.0246;0.75
SP04;T-SP4-c;78-SP04-C;401.6923;13.4795;0.25;24.15;0.919;8.41;0.0659;7.56;0.0275;0.0753;0.002;37.2525;5.33;23.37;19.32;0.577;0.2755;0.1475;582.48;0.0064;0.4466;0.000779;1.4064;0.0051;0.0187;0.0065;0.0026;0.0024;0.0718;0.0719;3.937;0.0079716;925;Open Shrublands;-0.016218683;-0.018748206;0.865079182;5.2801593;5.5044655;17.7977544;1.46319044;0.42335929;2.6186041;1.55219169;1.47259022;0.791440556;0.544683672;6.67491243;0.014330497;0.0091;0.0238;0.75
SP04;T-SP4-d;79-SP04-D;401.6923;13.4795;0.25;22.125;0.791;5.46;0.0685;7.57;0.0288;0.0789;0.0019;42.1658;4.46;16.59;19.34;0.577;0.2755;0.1475;347.68;0.0045;0.4756;0.00179;0.9659;0.0015;0.008;0.0032;0.0016;0.0018;0.0871;0.0618;3.14;0.00828424;925;Open Shrublands;-0.014962306;-0.016822517;0.889421379;4.77026725;4.79658258;11.8309887;1.46659976;0.449062259;3.09224134;1.67166293;1.57346723;0.859767553;0.594776221;7.54557602;0.009461733;0.0048;0.0095;0.75
SP04;T-SP4-e;80-SP04-E;401.6923;13.4795;0.25;21.525;0.844;6.96;0.1041;7.47;0.0463;0.0936;0.003;31.6216;5.6;24.12;30.19;0.577;0.2755;0.1475;1217.59;0.0081;0.474;0.00119;1.26615;0.012;0.0234;0.0112;2.00E-04;0.0086;0.11;0.071;2.8849;0.00527026;925;Open Shrublands;-0.015273212;-0.019250389;0.793397587;5.31306092;5.78284812;22.4672571;1.43907565;0.448058669;2.33991375;1.34186891;1.26211961;0.557236221;0.3396866;8.81581309;0.017088608;0.0114;0.0354;0.75
SP05;T-SP5-a;101-SP05-A;265.177;16.9802;0.16;30.35;0.568;1.23;0.0194;7.68;0.008;0.042;0.0012;36.5565;4.36;6.04;66.56;0.238;0.574;0.188;10.47;0.0049;0.2979;0.00154;0.1411;0.0145;0.0393;0.05;0.0122;0.0028;0.0691;0.0421;0.6858;0.00386453;283;Barren;-0.018345145;-0.013950974;1.3149723;5.2228578;4.1224191;9.5576199;1.8112862;0.74058657;0.34301013;0.15974708;0.14725995;0.16038139;0.1401178;4.05781;0.016448473;0.0622;0.0538;0.84
SP05;T-SP5-b;102-SP05-B;265.177;16.9802;0.16;28.375;0.71;1.4;0.0193;7.76;0.0068;0.0407;0.0011;37.9907;6.22;4.77;27.91;0.238;0.574;0.188;7.36;0.0066;0.4007;0.00236;0.1496;0.0122;0.0322;0.0299;0.0108;0.0034;0.0982;0.1406;0.2116;0.00352156;283;Barren;-0.01703264;-0.01845913;0.922721713;5.64000905;5.34510738;19.1917762;1.68467499;0.515779637;1.3459832;0.650339026;0.60280595;0.293316312;0.167856802;10.0918628;0.016471175;0.0407;0.0444;0.84
SP05;T-SP5-c;103-SP05-C;265.177;16.9802;0.16;29.725;0.721;1.51;0.008;7.67;0.0076;0.0418;0.0012;35.4153;169.5;6.04;132.63;0.238;0.574;0.188;54.58;0.0076;0.3764;0.00352;0.0924;0.0122;0.0361;0.0416;0.0117;0.0099;0.1668;0.0644;0.5076;0.00673433;283;Barren;-0.014874186;-0.012528867;1.1871932;4.1611953;3.6138789;10.836662;1.6468549;0.50751514;0.30175376;0.14545256;0.12537206;0.1483716;0.10840862;4.711297;0.020191286;0.0533;0.0483;0.84
SP05;T-SP5-d;104-SP05-D;265.177;16.9802;0.16;29.25;0.57;2.95;0.019;7.73;0.005;0.0331;9.00E-04;36.7333;60.66;3.42;104.56;0.238;0.574;0.188;23.22;0.005;0.3622;0.00171;0.1574;0.011;0.0311;0.0147;0.0051;0.0077;0.1778;0.0352;0.4318;0.01269674;283;Barren;-0.020195748;-0.016738857;1.206519;7.8591171;5.383386;-20.991181;1.6672023;0.65522365;0.38137831;0.17288838;0.15853194;0.14488938;0.12171281;4.8561924;0.013804528;0.0198;0.0421;0.84
SP05;T-SP5-e;105-SP05-E;265.177;16.9802;0.16;27.825;0.542;1.05;0.0212;7.72;0.0087;0.0419;0.0013;31.75;4.76;5;27.42;0.238;0.574;0.188;8.67;0.0094;0.3956;0.00196;0.2465;0.0162;0.0457;0.0236;0.0081;0.0216;0.6575;0.0297;0.6427;0.00687708;283;Barren;-0.015050867;-0.016203349;0.928873814;4.84073507;4.54941988;14.6699651;1.59635393;0.56824785;2.65576798;1.30928317;1.24327246;0.674722921;0.383172135;9.54548941;0.023761375;0.0317;0.0619;0.84
SP06;G-SP6-a;116-SP06-A;859.2783;9.1914;0.7;14.85;0.993;30.59;0.236;6.24;0.1229;0.1303;0.0089;14.6348;46.46;44.45;37.19;0.4838;0.1138;0.4025;740.58;0.0099;0.4545;0.0103;4.5268;0.0187;0.1345;0.0241;0.0156;0.0481;0.1384;0.2439;3.3156;0.03074589;1096;Deciduous Broadleaf Forests;-0.019906978;-0.021416169;0.928704634;6.38602788;6.53162373;-6.251560167;1.517626393;0.387254396;2.86867099;1.953017677;1.807591023;0.860057958;0.677995297;6.2727906;0.021782178;0.0397;0.1532;0.3
SP06;G-SP6-b;117-SP06-B;859.2783;9.1914;0.7;15.075;0.992;34.76;0.4271;5.89;0.1732;0.195;0.0125;15.6218;85.05;64.91;56.11;0.4838;0.1138;0.4025;643.78;0.013;0.4586;0.0111;8.5301;0.0038;0.0604;0.0105;0.0119;0.038;0.422;0.1821;2.8901;0.03422657;1096;Deciduous Broadleaf Forests;-0.022029197;-0.02189561;1.00610109;6.98394975;6.90781824;-103.350698;1.53302027;0.385836851;1.87760654;1.3656085;1.28754149;0.932343583;0.903285212;3.55100247;0.028347143;0.0224;0.0642;0.3
SP06;G-SP6-c;118-SP06-C;859.2783;9.1914;0.7;15.125;0.991;31.41;0.4033;6.25;0.1485;0.1681;0.0107;15.7869;304.72;77.02;52.04;0.4838;0.1138;0.4025;561.38;0.0112;0.4642;0.0219;7.4207;0.0063;0.0535;0.0248;0.0109;0.0386;0.4302;0.169;2.8064;0.03039737;1096;Deciduous Broadleaf Forests;-0.019906978;-0.021416169;0.928704634;6.38602788;6.53162373;-6.251560167;1.517626393;0.387254396;2.86867099;1.953017677;1.807591023;0.860057958;0.677995297;6.2727906;0.024127531;0.0357;0.0598;0.3
SP06;G-SP6-d;119-SP06-D;859.2783;9.1914;0.7;14.7;0.99;31.54;0.3557;5.89;0.1599;0.1758;0.0105;16.7927;86.35;67.4;59.55;0.4838;0.1138;0.4025;655.29;0.0086;0.4649;0.0226;9.6385;0.0067;0.045;0.0202;0.0104;0.052;0.3878;0.1812;2.0767;0.03141365;1096;Deciduous Broadleaf Forests;-0.018747249;-0.021305871;0.879909987;6.15845977;6.44919239;54.6945038;1.49429785;0.384465376;3.22582769;2.12184848;1.94661914;0.758625015;0.557016891;7.77820956;0.018498602;0.0306;0.0517;0.3
SP06;G-SP6-e;120-SP06-E;859.2783;9.1914;0.7;14.7;0.992;30.92;0.3821;6.32;0.2257;0.2352;0.0141;16.706;119.14;62.11;94.2;0.4838;0.1138;0.4025;646.23;0.0138;0.4611;0.0231;12.5344;0.0128;0.0895;0.02;0.011;0.0555;0.5394;0.6049;3.8675;0.02589573;1096;Deciduous Broadleaf Forests;-0.018944488;-0.021047026;0.900102825;6.01567412;6.23786056;29.9015137;1.52556106;0.391460962;3.50257874;2.37159605;2.18861244;0.889205277;0.573683787;7.48915977;0.029928432;0.031;0.1023;0.3
SP07;G-SP7-a;121-SP07-A;1003.9939;9.4308;1;13.75;0.989;33.5;0.1154;4.53;0.0549;0.0549;0.0044;12.5675;24.71;17.42;18.19;0.2105;0.474;0.3155;1285.61;0.0191;0.4779;0.00548;0.7325;0.001;0.0057;0.017;0.0029;0.0161;0.1309;0.0136;0.9693;0.03185012;803;Deciduous Broadleaf Forests;-0.037150944;-0.027178221;1.36693805;15.4409923;13.5398482;-5.8692327;1.96562259;0.568042099;2.58573525;1.33329458;1.13243423;0.589138779;0.53945437;8.30404743;0.03996652;0.0199;0.0067;0
SP07;G-SP7-b;122-SP07-B;1003.9939;9.4308;1;13.725;0.99;43;0.1856;4.53;0.0908;0.0908;0.0065;13.9892;59.67;27.47;41.53;0.2105;0.474;0.3155;1512.34;0.0137;0.4559;0.00944;0.9011;0.0037;0.0175;0.0075;0.0014;0.0588;0.7705;0.0245;2.539;0.04102674;803;Deciduous Broadleaf Forests;-0.031580349;-0.025132395;1.25655949;11.6155934;10.6249803;-107.88619;1.76270915;0.54592619;1.53616646;0.909303005;0.80565931;0.415744451;0.330812166;6.28946125;0.03005045;0.0089;0.0212;0
SP07;G-SP7-c;123-SP07-C;1003.9939;9.4308;1;13.8;0.991;43.71;0.1879;4.21;0.0944;0.0944;0.0068;13.9174;44.4;34.05;43.62;0.2105;0.474;0.3155;1335.7;0.0148;0.4697;0.0165;0.8645;0.0045;0.0224;0.0141;0.0025;0.0712;0.7064;0.0427;1.8083;0.05231782;803;Deciduous Broadleaf Forests;-0.024817947;-0.024097593;1.02989318;8.8095105;8.93538936;-175.152501;1.77476859;0.494890208;2.45851082;1.45412094;1.25653721;0.579387186;0.274043831;9.60394119;0.031509474;0.0166;0.0269;0
SP07;G-SP7-d;124-SP07-D;1003.9939;9.4308;1;14.125;0.99;35.68;0.1442;3.82;0.069;0.069;0.005;13.8317;35.13;21.83;20.32;0.2105;0.474;0.3155;1688.27;0.0137;0.4821;0.00884;0.6748;0.0017;0.0098;0.015;0.0027;0.0328;0.6103;0.0175;3.0098;0.03588999;803;Deciduous Broadleaf Forests;-0.028259443;-0.025733363;1.09816364;10.345117;10.4749762;-14.1015814;1.77189633;0.525059879;2.16695134;1.31773262;1.16177461;0.521193315;0.25562614;8.82492609;0.028417341;0.0177;0.0115;0
SP07;G-SP7-e;125-SP07-E;1003.9939;9.4308;1;14.075;0.991;28.46;0.288;4.02;0.0386;0.0386;0.0029;13.1156;27.94;11.73;21.55;0.2105;0.474;0.3155;919.93;0.015;0.4805;0.00366;0.4403;0.0015;0.0104;0.0056;0.0013;0.0194;0.4386;0.0132;0;0.040271168;803;Deciduous Broadleaf Forests;-0.02451447;-0.024340471;1.00714854;9.12762679;9.2742759;173.652141;1.73929319;0.519727755;2.79619044;1.66239425;1.48501216;0.71266115;0.285381062;9.04860375;0.031217482;0.0069;0.0119;0
SP08;G-SP8-a;126-SP08-A;1361.6559;12.1779;1.33;15.175;0.995;39.33;0.1432;3.89;0.0728;0.0728;0.004;18.2889;13.94;27.56;28.09;0.4375;0.4245;0.138;472.04;0.0121;0.4894;0.00754;1.6716;0.0044;0.0362;0.0125;8.00E-04;0.0842;1.0662;0.0232;0.4582;0.04457829;450;Mixed Forests;-0.023722748;-0.023705035;1.001472395;8.425185103;8.808465693;-147.5789715;1.868320885;0.631085898;3.159011093;1.964900005;1.661521463;0.716598159;0.39144586;9.429962193;0.024724152;0.0133;0.0406;-0.33
SP08;G-SP8-b;127-SP08-B;1361.6559;12.1779;1.33;15.075;0.992;38.13;0.1221;3.93;0.054;0.054;0.0037;14.5081;19.78;27.8;26.25;0.4375;0.4245;0.138;352.49;0.0086;0.4767;0.00453;0.702;0.0015;0.0223;0.0179;1.00E-04;0.0722;0.7507;0.0276;6.7846;0.03876853;450;Mixed Forests;-0.027036742;-0.023497571;1.15061858;9.04840533;8.95998674;50.0734872;1.96302382;0.683502147;3.24054538;2.04733161;1.72636251;0.758708505;0.520639532;9.11456914;0.018040696;0.018;0.0238;-0.33
SP08;G-SP8-c;128-SP08-C;1361.6559;12.1779;1.33;15.6;0.991;45.24;0.1671;3.78;0.0871;0.0871;0.0052;16.7823;31;31.1;48.82;0.4375;0.4245;0.138;570.2;0.0131;0.4862;0.00737;1.1817;0.0068;0.0271;0.0099;9.00E-04;0.0933;1.075;0.0324;2.2053;0.04984947;450;Mixed Forests;-0.024055928;-0.023635792;1.01777544;8.56090189;8.92423019;-663.553115;1.87847789;0.644067339;2.94347553;1.83382336;1.55258476;0.685812507;0.382705514;9.17240637;0.026943645;0.0108;0.0339;-0.33
SP08;G-SP8-d;129-SP08-D;1361.6559;12.1779;1.33;15.65;0.99;37.11;0.1295;3.55;0.0655;0.0655;0.0042;15.5261;14.39;26.94;22.57;0.4375;0.4245;0.138;391.78;0.0099;0.4909;0.0072;0.664;0.0066;0.043;0.0307;0.0037;0.4808;1.4181;0.0217;4.4391;0.03327663;450;Mixed Forests;-0.02140789;-0.024076602;0.889157429;7.96131934;8.85258908;-22.0219867;1.79232;0.606989386;3.16461245;1.94003837;1.62698228;0.690723214;0.335809038;9.7109783;0.02016704;0.0344;0.0496;-0.33
SP08;G-SP8-e;130-SP08-E;1361.6559;12.1779;1.33;15.375;0.991;29.52;0.0857;3.74;0.0394;0.0394;0.0027;14.5351;16.08;24.69;30.85;0.4375;0.4245;0.138;606.08;0.0109;0.4959;0.0075;1.054825;0.001;0.0071;0.0052;0.0015;0.0335;0.708;0.0756;0.9812;0.04161823;450;Mixed Forests;-0.02239043;-0.023610176;0.948338129;8.13011385;8.49705676;45.1857286;1.83946183;0.589784721;3.28741101;2.03840668;1.7401563;0.731148411;0.326629354;9.72189496;0.021980238;0.0067;0.0081;-0.33
SP09;G-SP9-a;131-SP09-A;314.2399;17.0955;0.18;30.925;0.718;2.14;0.0278;7.53;0.0094;0.0912;9.00E-04;98.0108;73.75;6.51;19.82;0.5105;0.305;0.1845;2.63;0.0058;0.4677;0.00184;0.2056;0.0055;0.0079;0.0028;0;0.0034;0.0455;0.0316;4.8705;0.00260852;195;Savannas;-0.019147991;-0.016710815;1.1458442;5.82519394;5.09624819;7.90557357;1.72030142;0.522507316;3.67911066;2.00833237;1.87461677;1.0087597;0.855033585;6.43155544;0.012401112;0.0028;0.0134;0.82
SP09;G-SP9-b;132-SP09-B;314.2399;17.0955;0.18;30.975;0.756;3.41;0.0354;7.64;0.0139;0.0703;0.0013;52.8195;5.25;6.03;22.11;0.5105;0.305;0.1845;89.75;0.0042;0.4674;0.00157;0.3541;0.0078;0.0209;0.008;2.00E-04;0.004;0.081;0.0793;6.5391;0.00418969;195;Savannas;-0.016671089;-0.013792577;1.20870015;4.6016975;3.90995842;6.12274055;1.58758578;0.476423786;3.57171288;1.90719381;1.83706107;1.27999731;0.915731891;5.78455706;0.008985879;0.0082;0.0287;0.82
SP09;G-SP9-c;133-SP09-C;314.2399;17.0955;0.18;29.625;0.84;3.14;0.041;7.53;0.0158;0.0948;0.0016;59.981;4.67;7.85;18.77;0.5105;0.305;0.1845;563.45;0.0097;0.4759;0.00206;0.5558;0.013;0.0282;0.0417;0.0111;0.0065;0.1013;0.3472;3.1594;0.00439531;195;Savannas;-0.015170028;-0.013704874;1.10690748;4.46060584;3.90195957;6.16761478;1.52270844;0.454282438;5.2545154;2.76768023;2.65806979;1.50477791;1.03016277;7.06559176;0.020382433;0.0528;0.0412;0.82
SP09;G-SP9-d;134-SP09-D;314.2399;17.0955;0.18;33.275;0.895;3.1;0.0246;7.65;0.0118;0.0883;0.0011;81.7593;3.8;5.96;18.18;0.5105;0.305;0.1845;49.88;0.006;0.462;0.000966;0.1747;0.0108;0.0197;0.036;0.0115;0.0037;0.0843;0.037;4.3965;0.00103324;195;Savannas;-0.019809674;-0.019839731;0.998485;6.18550922;6.01624452;16.4689337;1.59390953;0.487303167;3.88899148;2.0853247;2.01012044;1.02192672;0.652528087;7.74037065;0.012987013;0.0475;0.0305;0.82
SP09;G-SP9-e;135-SP09-E;314.2399;17.0955;0.18;32.8;0.697;1.78;0.0189;7.66;0.0057;0.0897;6.00E-04;157.4035;4.37;3.1;14.64;0.5105;0.305;0.1845;44.75;0.0102;0.4733;0.00177;0.1559;0.0029;0.0069;0.0062;0.0019;0.0025;0.0447;0.0569;3.9932;0.00176038;195;Savannas;-0.015184752;-0.014833615;1.02367169;4.68617586;4.27964649;7.12912609;1.62445487;0.483376313;3.25531185;1.88516629;1.69388771;0.972509648;0.697013811;6.39753694;0.021550813;0.0081;0.0098;0.82
SP10;G-SP10-a;136-SP10-A;304.0818;16.8649;0.18;42.325;0.51;0.71;0.0166;7.72;0.0045;0.0241;5.00E-04;46.3846;33.95;3.96;23.96;0.7655;0.1715;0.063;15.42;0.0063;0.3811;0.00159;0.1229;0.017;0.0592;0.0181;0.0023;0.0052;0.0582;0.0366;2.902;0.041867;278;Grasslands;-0.01546302;-0.012224489;1.280084633;4.364093228;3.553713428;6.5339559;1.619740645;0.514970353;1.400283443;0.718102786;0.700101554;0.742980546;0.496835799;4.268314098;0.016531094;0.0204;0.0762;0.82
SP10;G-SP10-b;137-SP10-B;304.0818;16.8649;0.18;44.025;0.516;0.63;0.0162;7.62;0.0051;0.0163;5.00E-04;30.2593;44.44;4.96;16.07;0.7655;0.1715;0.063;281.82;0.0049;0.4728;0.00193;0.1387;0.0129;0.067;0.0095;0;0.0121;0.102;0.0611;1.6122;0.04680628;278;Grasslands;-0.016034494;-0.010272769;1.5608737;4.0514526;3.0415737;5.7516904;1.7432704;0.60439102;0.76274299;0.37422478;0.3698971;0.61143581;0.42028033;2.8657992;0.01036379;0.0095;0.0799;0.82
SP10;G-SP10-c;138-SP10-C;304.0818;16.8649;0.18;45.55;0.516;0.62;0.0185;7.76;0.0041;0.0263;6.00E-04;47.7455;33.07;4.58;25.16;0.7655;0.1715;0.063;70.33;0.0056;0.4585;0.00175;0.16125;0.0159;0.0316;0.0154;0;0.0081;0.1014;0.039;2.7964;0.03367804;278;Grasslands;-0.015869858;-0.013477387;1.17751744;4.60002496;3.85311798;6.91161284;1.64768312;0.496592073;1.38223072;0.703612726;0.684197717;0.579751312;0.38758057;5.13716638;0.01221374;0.0154;0.0475;0.82
SP10;G-SP10-d;139-SP10-D;304.0818;16.8649;0.18;45.475;0.536;0.58;0.0159;7.71;0.005;0.0207;6.00E-04;35.0169;32.57;3.61;20.26;0.7655;0.1715;0.063;31.78;0.0048;0.4485;0.00204;0.125;0.0344;0.1104;0.0118;0.001;0.0125;0.1068;0.0642;2.5727;0.04013662;278;Grasslands;-0.015297777;-0.012529779;1.22091356;4.4930502;3.65939728;6.79035914;1.55137416;0.491752668;1.53142701;0.784158776;0.755257879;0.776274371;0.517040201;4.61066033;0.010702341;0.0128;0.1448;0.82
SP10;G-SP10-e;140-SP10-E;304.0818;16.8649;0.18;48.325;0.549;0.65;0.0196;7.66;0.0069;0.0232;6.00E-04;39.9828;31.21;4.03;17.76;0.7655;0.1715;0.063;43.71;0.0068;0.4456;0.0014;0.2584;0.0178;0.0656;0.0254;0.0044;0.0161;0.112;0.0638;2.2218;0.04756858;278;Grasslands;-0.01464995;-0.012618022;1.16103383;4.31184515;3.66076475;6.68216122;1.5366349;0.467145651;1.92473305;1.01041486;0.991053521;1.00446069;0.662442096;4.45963048;0.015260323;0.0298;0.0834;0.82
SP11;G-SP11-a;141-SP11-A;550.3082;14.6869;0.4;23.45;0.859;5.14;0.0842;7.28;0.035;0.0673;0.0022;30.5955;38.22;20.22;26.39;0.606;0.1935;0.2005;1455.86;0.0059;0.3981;0.00103;1.9073;0.0122;0.0356;0.0201;0;0.0248;0.2926;0.0654;1.0181;0.01394464;103;Evergreen Needleleaf Forests;-0.015080191;-0.01988874;0.758227569;6.1249157;6.3946474;11.2955944;1.50758842;0.49475411;2.99695502;1.77957589;1.774027;1.02487831;0.580149511;4.44812809;0.014820397;0.0201;0.0478;0.6
SP11;G-SP11-b;142-SP11-B;550.3082;14.6869;0.4;24.85;0.827;4.6;0.089;7.09;0.0477;0.0696;0.0017;40.7193;35.54;16.06;24.8;0.606;0.1935;0.2005;954.86;0.0063;0.491;0.00103;1.1342;0.0038;0.0186;0.0021;0;0.0021;0.0897;0.0621;1.2824;0.01144187;103;Evergreen Needleleaf Forests;-0.015439573;-0.021168765;0.729356346;6.0964136;6.69030345;13.8832463;1.52752782;0.468653708;2.1410487;1.23344578;1.22259877;1.19370392;0.578659034;3.48872252;0.012830957;0.0021;0.0224;0.6
SP11;G-SP11-c;143-SP11-C;550.3082;14.6869;0.4;25.15;0.845;3.96;0.0567;7.38;0.0252;0.0539;0.0018;30.4294;36.49;15.12;22.57;0.606;0.1935;0.2005;1614.23;0.0041;0.4658;0.00106;1.3663;0.011;0.0259;0.0097;5.00E-04;0.0092;0.0732;0.0647;0.7585;0.01398655;103;Evergreen Needleleaf Forests;-0.015843507;-0.020644275;0.767910534;5.919526278;6.38053115;13.6609971;1.517620963;0.47738126;2.49988965;1.450900013;1.437138345;1.021362628;0.582191422;4.616393863;0.008802061;0.0102;0.0369;0.6
SP11;G-SP11-d;144-SP11-D;550.3082;14.6869;0.4;24.025;0.893;8.05;0.1878;6.6;0.0683;0.096;0.0027;35.8321;178;26.98;29.2;0.606;0.1935;0.2005;472.57;0.0046;0.4875;0.00148;2.327;0.0041;0.029;0.0144;0.0013;0.0231;0.1624;0.0362;0.957;0.01924641;103;Evergreen Needleleaf Forests;-0.017299772;-0.020472382;0.845029742;5.62936224;6.04074305;14.9877236;1.50166096;0.475381661;2.11303473;1.21040539;1.17648871;0.63505828;0.460552714;6.33184036;0.009435897;0.0157;0.0331;0.6
SP11;G-SP11-e;145-SP11-E;550.3082;14.6869;0.4;24;0.879;6.09;0.1001;7.11;0.0448;0.0566;0.002;27.8719;36.05;20.58;27.76;0.606;0.1935;0.2005;641.64;0.0054;0.4838;0.00284;1.7667;0.0029;0.021;0.0037;0;0.0122;0.2261;0.0822;1.3741;0.01627383;103;Evergreen Needleleaf Forests;-0.01555449;-0.021047213;0.739028478;5.82741357;6.3964307;14.4774241;1.53370665;0.470735561;2.74852015;1.58017299;1.5754389;1.23181;0.709404427;4.19688448;0.011161637;0.0037;0.0239;0.6
SP12;G-SP12-a;146-SP12-A;590.5134;14.4181;0.43;24.25;0.867;2.13;0.0474;5.99;0.025;0.025;0.0017;15.0542;33.55;5.38;18.19;0.834;0.1235;0.0425;803.1;0.0082;0.4727;0.00551;0.8512;0.0052;0.0286;0.0049;8.00E-04;0.0285;0.2442;0.0303;1.7811;0.07314432;154;Open Shrublands;-0.015130629;-0.015136763;0.999594776;4.72353137;4.33806059;8.00267979;1.47063783;0.412683607;2.64281738;1.55746061;1.42740666;0.922441127;0.598961432;6.49427364;0.017347155;0.0057;0.0338;0.57
SP12;G-SP12-b;147-SP12-B;590.5134;14.4181;0.43;25.225;0.842;1.82;0.0449;5.79;0.0243;0.0243;0.0017;14.5389;37.18;9.21;21.41;0.834;0.1235;0.0425;610.82;0.0092;0.4716;0.00199;0.5763;0.0087;0.0578;0.015;0.0079;0.0213;0.2746;0.0356;1.6231;0.07541085;154;Open Shrublands;-0.014621449;-0.017794561;0.821680785;5.07502806;5.11516607;10.2725076;1.4528252;0.371046599;3.71776869;2.71179822;2.42468875;0.805733115;0.509423487;11.3962074;0.019508058;0.0229;0.0665;0.57
SP12;G-SP12-c;148-SP12-C;590.5134;14.4181;0.43;27.3;0.766;1.42;0.0412;5.11;0.0215;0.0215;0.0013;16.0299;40.16;8.62;19.91;0.834;0.1235;0.0425;675.27;0.008;0.4743;0.00323;0.4482;0.0118;0.0825;0.014;0.0092;0.0293;0.4111;0.0471;0.7276;0.06246736;154;Open Shrublands;-0.013835852;-0.017470993;0.791932743;4.9442019;5.00203509;11.1657404;1.47012421;0.399385654;3.65916378;2.14313372;1.91214145;0.670782963;0.339899594;14.629201;0.016866962;0.0232;0.0943;0.57
SP12;G-SP12-d;149-SP12-D;590.5134;14.4181;0.43;29.45;0.803;1.29;0.0334;5.76;0.0242;0.0242;0.0017;14.4731;39.22;10.34;17.99;0.834;0.1235;0.0425;1028.65;0.0097;0.4779;0.0027;0.6894;0.0566;0.3421;0.0234;0.0124;0.0625;0.4443;0.035;1.9589;0.07374046;154;Open Shrublands;-0.014306968;-0.018943051;0.755262086;5.49395723;5.66431173;10.5451692;1.42516878;0.398679368;3.12244745;1.86263312;1.64902462;0.569843985;0.238797204;14.296771;0.020297133;0.0358;0.3987;0.57
SP12;G-SP12-e;150-SP12-E;590.5134;14.4181;0.43;24.9;0.902;2.43;0.0528;5.56;0.0256;0.0256;0.0017;14.9942;39.85;9.68;20.8;0.834;0.1235;0.0425;885.4;0.0092;0.4716;0.00442;0.5857;0.012;0.0659;0.0147;0.0106;0.03;0.3627;0.0187;1.1529;0.07085426;154;Open Shrublands;-0.01358449;-0.017665352;0.768990601;5.11453916;5.19643558;9.39019299;1.43442622;0.399341823;2.90137524;1.72229815;1.54842656;0.589985377;0.277184927;13.1595081;0.019508058;0.0253;0.0779;0.57
